id,name,age,gender
1,Parkman,73,male
2,Domenge,73,male
3,Daines,32,female
4,Dorian,57,female
5,Flury,75,male
6,Collcott,53,male
7,Hawson,35,female
8,Ipsley,48,male
9,Wooderson,73,female
10,Brownlee,19,female
11,Getcliff,20,male
12,Shutt,69,female
13,Graveney,73,female
14,Ousby,48,male
15,Edlin,31,male
16,Ossipenko,24,female
17,Tointon,40,male
18,Drinkel,74,male
19,Joesbury,56,female
20,Polini,60,male
21,Etuck,44,male
22,Blew,41,female
23,Memmory,46,male
24,Pougher,34,male
25,Hildred,52,male
26,Lamberteschi,53,female
27,McAlinden,68,female
28,Cowlin,71,male
29,Sullivan,50,female
30,Whieldon,46,male
31,Garbutt,23,male
32,Elbourne,74,female
33,Danilyak,37,male
34,Witch,64,male
35,Foy,46,female
36,Melluish,57,female
37,Daile,67,female
38,Prestner,26,male
39,Arnall,37,female
40,Banasevich,18,male
41,Seaman,64,male
42,Duckels,69,female
43,Whitewood,59,female
44,Lowensohn,69,male
45,Phin,54,female
46,Jachtym,28,female
47,Epsley,36,female
48,Trattles,66,female
49,Dopson,43,male
50,Magrannell,68,female
51,Fazzioli,42,female
52,Strugnell,74,female
53,Rainbow,19,female
54,Neely,20,female
55,Duny,44,female
56,Boak,34,male
57,Vyse,43,female
58,Cannavan,40,female
59,Valentin,27,male
60,Crome,74,female
61,Cragell,38,female
62,Sillis,40,male
63,Raubenheimer,34,male
64,McKinn,68,female
65,Shakspeare,53,female
66,Leadbitter,32,male
67,Spatig,45,male
68,Larner,58,female
69,Kaines,25,female
70,Gimbrett,74,male
71,Trevains,78,male
72,Itzkov,77,female
73,Clegg,46,male
74,Farnham,68,female
75,Vann,24,male
76,Boddington,59,female
77,Stolberg,54,female
78,Etherton,38,male
79,Petrou,40,female
80,Kenway,30,female
81,Balint,80,male
82,Dullard,25,male
83,Tanby,68,female
84,Sweeten,77,male
85,Tregea,41,female
86,Duffin,20,male
87,Awcock,59,female
88,Kroll,52,female
89,Dayne,43,female
90,Dabnor,59,female
91,Jeannaud,72,female
92,Dunsleve,72,male
93,Batt,34,male
94,Indruch,20,female
95,Kilgallen,31,female
96,Downe,67,male
97,Zealy,21,male
98,Togher,30,female
99,Garber,38,female
100,Kivlehan,76,male
101,Kopelman,49,male
102,Vondrys,25,male
103,Gretton,41,female
104,Badger,67,female
105,Trenbay,34,male
106,Kilmary,34,male
107,Malshinger,42,female
108,Cronkshaw,47,female
109,Tumioto,18,female
110,Lammers,39,female
111,Roberti,34,female
112,Lyall,62,male
113,Junes,60,male
114,Delucia,61,male
115,Keyden,70,female
116,Bonus,38,male
117,Sarfass,68,female
118,Hayden,75,female
119,Orbon,23,female
120,Teers,32,male
121,Jeenes,53,male
122,Lovegrove,48,female
123,De Lorenzo,71,female
124,Boldecke,20,female
125,Tripcony,19,female
126,McQuin,47,female
127,Thebe,76,female
128,Myford,59,male
129,Senecaut,59,female
130,Revett,76,female
131,Radborne,47,female
132,Barnett,61,male
133,Revance,72,male
134,Constanza,53,male
135,Lees,77,female
136,Castro,24,female
137,Bucktrout,43,female
138,McIvor,60,female
139,Michelin,50,male
140,Reicherz,33,female
141,Nockalls,42,female
142,Jedrzejkiewicz,64,male
143,Gotfrey,40,female
144,Crean,36,male
145,Cordle,65,female
146,Castanone,73,male
147,Ditter,31,female
148,Vlahos,72,male
149,Boness,19,male
150,Reveland,61,female
151,Andrick,50,female
152,Kalinsky,62,male
153,Tyreman,59,male
154,Bonny,21,female
155,Mattielli,53,male
156,Boas,45,male
157,Blowfield,60,female
158,Fandrich,60,male
159,Ioannidis,60,male
160,Bedbury,75,female
161,MacColgan,26,male
162,Hart,26,male
163,Cullabine,53,female
164,Andreia,52,male
165,Downe,63,female
166,Hurnell,34,male
167,Seignior,56,female
168,Szanto,41,female
169,Streeten,47,male
170,Stolberg,60,male
171,Rannigan,53,female
172,Bonnell,18,male
173,Pollastro,34,female
174,Bracchi,43,male
175,Marshal,54,male
176,Cadalleder,25,female
177,Girardet,68,male
178,Pigden,76,male
179,Creamer,51,female
180,Ameer-Beg,26,female
181,Baggott,57,male
182,Bott,41,male
183,Novak,54,female
184,Chater,52,male
185,Berisford,23,female
186,McKenna,34,female
187,Mutter,45,male
188,McVey,65,male
189,Kester,63,female
190,de Verson,79,male
191,Trotter,67,female
192,McMillam,79,female
193,Brisco,53,female
194,Burhill,66,female
195,Pryor,41,female
196,Bercevelo,37,male
197,Janz,30,female
198,Holgan,52,male
199,Ebbins,44,male
200,Cuel,63,male
201,Kubu,76,female
202,Gery,69,male
203,Blinkhorn,43,male
204,Roth,42,female
205,Bastard,53,male
206,Lade,61,male
207,Bentham,58,female
208,Taylerson,29,male
209,Quaif,44,male
210,Biesterfeld,62,male
211,Spatig,54,female
212,Arlow,72,female
213,Ramble,70,male
214,Loble,69,female
215,Gallehawk,77,male
216,Bertwistle,53,male
217,Eliet,79,male
218,Grimsey,79,male
219,Collishaw,45,male
220,Faldo,79,female
221,Jirek,19,female
222,Seeds,39,female
223,Casellas,68,female
224,Breydin,53,female
225,Worsley,25,male
226,Koba,38,male
227,MacGiolla Pheadair,58,female
228,Cammis,74,female
229,Kauble,41,female
230,Cassey,42,female
231,Acutt,66,male
232,Woollam,56,female
233,Buglar,22,male
234,Blevin,23,male
235,Le Noury,19,male
236,Henworth,22,female
237,Varnam,78,male
238,Dorre,80,male
239,Hayto,26,female
240,Luis,59,male
241,Simoni,57,male
242,Hatter,51,female
243,Teeney,67,female
244,Edensor,24,female
245,Blazevic,26,male
246,Haensel,45,female
247,Albasiny,28,female
248,Ambrois,64,female
249,Bolden,73,female
250,Draaisma,36,male
251,Blaxley,22,female
252,Schimmang,64,male
253,Bockman,37,male
254,McGilmartin,58,female
255,Queripel,54,male
256,Cardillo,68,male
257,Reynoldson,51,male
258,Wyd,56,male
259,Plank,27,female
260,Ledur,33,female
261,Wisniowski,61,male
262,Sloey,19,female
263,Harberer,55,female
264,Burgyn,57,male
265,Spens,63,female
266,Waymont,57,female
267,Davidovic,20,female
268,Millmoe,47,female
269,Robrow,22,female
270,Waymont,76,female
271,Holbury,62,male
272,Taynton,60,female
273,Oats,32,male
274,Olenikov,31,male
275,Donson,39,male
276,Spadaro,29,male
277,Campbell-Dunlop,57,female
278,Pinhorn,53,female
279,Goodwin,33,male
280,Idle,35,female
281,Bettenson,75,male
282,Baradel,27,male
283,Acomb,75,male
284,Devereux,72,female
285,Craufurd,23,male
286,Malarkey,76,female
287,Rainville,70,female
288,Verick,42,female
289,Dunridge,43,male
290,Bulstrode,44,female
291,Gehricke,73,male
292,Jest,48,male
293,Olyonov,35,female
294,Grinval,44,male
295,Badder,43,female
296,Geroldo,60,male
297,McWhin,55,female
298,Breewood,42,female
299,Wallen,47,female
300,Kaysor,36,male
