id,name,restaurant_id,favourite_food_id
1,Rutger Avrahm,16,37
2,Dallas Kristufek,42,2
3,Remus Whistance,36,55
4,Barthel Casey,67,23
5,Robinet Janowicz,51,15
6,Misti Dumberrill,15,26
7,Octavius Kermit,49,9
8,Carmine Tie,5,49
9,Daniela Wallenger,37,42
10,Larine Levensky,63,14
11,Berget Tilly,43,7
12,Trista Grigoire,70,40
13,Cordie Symers,54,16
14,Tammie Borthe,52,37
15,Celeste Sollas,25,60
16,Duky Hambers,36,37
17,Erskine Skillett,67,39
18,Debor Hazeldene,53,18
19,Cass Durrand,54,48
20,Patrice Koschek,33,1
21,Kathryne Galle,58,25
22,Burtie Glynn,44,38
23,Remus Cranage,28,29
24,Wendye Gillean,15,42
25,Garland Thorndale,70,14
26,Griffie Bollard,2,35
27,Goraud Jenyns,29,40
28,Ely Hearons,52,41
29,Cammie Glazier,1,15
30,Anjela O'Crigan,46,3
31,Matthus Oger,26,46
32,Eloisa Porritt,10,18
33,Duke Nesbeth,57,2
34,Sansone Patry,42,22
35,Karel O'Neal,40,17
36,Jaynell Jatczak,28,21
37,Fowler Pacht,46,2
38,Greg Pakes,30,19
39,Veronique Sheeran,10,34
40,Tait Blowers,61,57
41,Yvor Mathely,16,5
42,Darryl Rabson,4,21
43,Vinson Keddey,19,48
44,Ibby Damper,39,17
45,Mirabel Greeveson,64,53
46,Jania Bonas,53,39
47,Rab Baise,18,55
48,Corena Deerr,40,36
49,Robby Crawforth,62,17
50,Andriette Peaden,29,58
51,Johnette McGavin,37,39
52,Fonzie Aikin,48,53
53,Chico Brophy,6,23
54,Massimo Roswarne,29,2
55,Aubine Byers,63,56
56,Dannel Solomon,12,16
57,Hebert Colhoun,53,15
58,Trudey Gilks,59,48
59,Nessy McGrady,43,31
60,Chester Lockhurst,70,6
61,Gael Cuthbertson,34,60
62,Adriena Hartwright,42,44
63,Arni Dukelow,31,4
64,Curr Battlestone,64,19
65,Ally Cawthorn,44,51
66,Calla Pow,34,49
67,Saxon Burgh,14,44
68,Jojo Becerra,42,59
69,Petronia Tudgay,10,42
70,Bernadene Vanni,8,16
71,Wilek Fawdry,22,36
72,Lanna Vala,53,24
73,Marja Bryer,61,25
74,Esta Geyton,24,4
75,Leslie Camidge,54,47
76,Royce Chesnay,19,1
77,Hastie Baert,13,39
78,Filip Bossons,28,6
79,Lorenzo Paolillo,48,18
80,Lenci Saxton,31,19
81,Jaye Pender,2,4
82,Creight Gomme,18,2
83,Riordan Barton,30,57
84,Devlin Olivier,22,27
85,Morton Morit,43,17
86,Rorke Currom,40,39
87,Honey Hemstead,70,26
88,Kelly Oakton,43,40
89,Aubrey Newark,67,48
90,Shepherd Pavett,48,54
91,Turner MacGorman,46,29
92,Thaddeus Paddingdon,28,3
93,Alexine Nurny,24,35
94,Xaviera Feitosa,54,32
95,Trey Memory,69,33
96,Budd Ungaretti,49,31
97,Doe Sykora,18,60
98,Kennett Meates,39,3
99,Eddy Conley,46,39
100,Stephan Proctor,23,53
101,Der Chamberlaine,40,56
102,Rosaleen Birdall,62,54
103,Adriane Samworth,48,33
104,Agathe Marquiss,3,14
105,Danielle Dowbakin,66,43
106,Hermy Fannin,24,40
107,Katie Rodenburg,67,12
108,Henrik Tiebe,53,27
109,Ally Streetfield,26,34
110,Carmelina Crumb,56,19
111,Delphinia Tissiman,37,2
112,Justinian Mallinson,19,58
113,Chadwick Barthelme,8,57
114,Worthy Corran,4,34
115,Fairleigh Conichie,60,20
116,Dulcinea de Guerre,36,22
117,Dredi Thireau,37,39
118,Wilhelm Howles,3,8
119,My Irvine,23,34
120,Gizela Stannis,14,28
121,Coriss Robyns,56,57
122,Tate Maryska,39,45
123,Freedman Quixley,47,12
124,Timofei Ballam,35,7
125,Nancy Carus,32,55
126,Roxine Rouch,47,36
127,Rubin Connochie,2,1
128,Jacklin Loddy,50,27
129,Arri Groomebridge,1,2
130,Leodora Tague,22,14
131,Gaye Burle,43,1
132,Christine Bankes,60,13
133,Daveen Vowels,38,41
134,Dyanne McQuorkel,59,18
135,Dur Runsey,27,46
136,Ferdinande Addinall,36,1
137,Cyrillus Dell'Abbate,43,58
138,Roderich Helm,25,44
139,Reinhard Milkeham,70,33
140,Donovan Epsley,29,13
141,Niels Saph,37,38
142,Nola Joseph,1,12
143,Fancie Moyle,32,32
144,Aleksandr Suddell,45,16
145,Hymie Ben-Aharon,5,47
146,Dex Philps,10,11
147,Adolphe Oxbrow,70,52
148,Rouvin Lermit,47,19
149,Jules Chaperlin,24,41
150,Belia Cutcliffe,7,33
151,Ally Brellin,16,37
152,Henderson Janusik,51,17
153,Udale Thorby,7,1
154,Claudianus Oleshunin,30,48
155,Wynny Passingham,56,27
156,Reynold Budden,11,22
157,Erhard Mallinar,7,19
158,Morton Grimmolby,64,49
159,Auberta Figures,8,3
160,Munroe Gentric,26,28
